index.html	78533290	d43b1e5362defbfbed0c1dd40b39f8c4776ce45d0261803b8201809eadc7a34b
interlinear/exodus/01.js	52797	a9e5e5fbb4a800b92d8b281ed06950d06e54f4428ad62f8314ef36c49cb97de1
interlinear/exodus/02.js	75395	0ffdf5c24e53bc4f950f5ed404c9b4bd412b4ea0222b33d7538aff4eac16fa58
interlinear/exodus/03.js	85536	9d97d079940e6531d3f80b1cdf4648d255b8d5319ed8896e249c642ce7768416
interlinear/exodus/04.js	98594	95fe096698a3b5648c07bb65c25dcbc58ae4c44d443ce733b974feaa39b94d99
interlinear/exodus/05.js	68921	077df8f5c06037502c86a55cf53ed0ceabbe72b8479f06b39b9def8a97a4152e
interlinear/exodus/06.js	85543	375f9fa8557d15e46a99bad44c5f2e2822355ad72eed2e144da816c58547dc65
interlinear/exodus/07.js	90833	e5e206b06e14125c58c4f0d1cd4b7393f4f6b19eb8e3168f0ac486a1c4a196a2
interlinear/exodus/08.js	93296	b98be3e87b251465a368b2ee61b57b2a08a129f48d57a383a592466f8f865014
interlinear/exodus/09.js	112246	a27641ecd7158fc5847af9a679b7611e983fc785266ec6dba25c794973dbb33c
interlinear/exodus/10.js	104537	7793eeae92cb3071dca7aacdf33e180960af025ed303f9e83dd784c31e4f4939
interlinear/exodus/11.js	36431	775de900d3981db9751ee951cd31427535e29f0d40e720c0c085bad75ed95d44
interlinear/exodus/12.js	161541	3efeaf855d55576b6c1db3c2059c8abe1e203a1e98d3eb2601be740c3988581a
interlinear/exodus/13.js	70792	8a2ec7a746d385226d3e43b10b0ac8c0a7fde08d47ac7b51a78911facc14d5ca
interlinear/exodus/14.js	103515	8fa3f0b08f957dd3a32cd2b71e8e5f1bd4b897090f0971480b180ddbb83877c2
interlinear/exodus/15.js	69614	a4d97959fec8b7906e946e5d27d6e931e73b0a2fd8abc6e0f1d7801907cb58f4
interlinear/exodus/16.js	116517	f0d1b96ff5c69bd57e8fb461f272acb8c8541a4eadcb363e2fd758bd1dac873d
interlinear/exodus/17.js	53148	b3771944db936f0490c6dcc66679781bfea09205a69f07cbbfd26db84e6e897d
interlinear/exodus/18.js	88635	f38a0e20e3d7016598a7b3f7cbf092504c28b15aeb9f0db98c6f19b0667a41ca
interlinear/exodus/19.js	79243	8ca34defb8faad75610347f7c7c44fa0179f77a7c3b53ff411c5e3d300b103e7
interlinear/exodus/20.js	67745	f20fcc4cdbc6c311b38acbb901bd940aa403206e862fd25aaf3e20c22784e9a4
interlinear/exodus/21.js	96020	2a84d35f725e9cf8fbe1a7e9da7f0103bb1a086aed82f43cd603b29530d740f4
interlinear/exodus/22.js	75706	4229f39ae61cdc0ef491b3098e9be1c5211f0afd157267e53454f4b133024854
interlinear/exodus/23.js	87966	b83f310da13c7e37a8613e0c5b20110a7b7de3da4df2d91d5b40dfd7b525cd74
interlinear/exodus/24.js	54305	2211c05d045468b7b0b84304af722352982a27c0831cdeac91e6b87525cc4963
interlinear/exodus/25.js	98664	2c6e0c606bcb1cc9d535abf9a6877f2f69767b48109ab682503301f446dbd91e
interlinear/exodus/26.js	107512	a164a73f90af86888ae599adc2ac742742aca3c7ec41af58b2dd9d7875d3128d
interlinear/exodus/27.js	58832	0f30e5eaf1ef36186dccded6ae511f4871b477677f4ae7cf3271d005327a17f8
interlinear/exodus/28.js	129091	f31c139e59f02e3d71caaab7b541d63f8002c2ea7e05fbb9c93c6cc81266f2b8
interlinear/exodus/29.js	144983	271227b04974ad2beaa625e6d57942c1d8f4d95de4372f804381e313396ffcae
interlinear/exodus/30.js	102091	a51615b26a140aa3a39f20aaf043526d8689961ad1da3d75db8b230b4e80c033
interlinear/exodus/31.js	50254	1cf81b817422ef82956d0d59e21984a4bffc264af0edde36bcf9fd89426673fb
interlinear/exodus/32.js	117708	9c18c34891359844d538155ba2cc9e53ccd3f74812de9649c739e0f2da6f5f7a
interlinear/exodus/33.js	76180	c3fd221d01e9bdd23e06fcd3513d94ccfe98abe85b6a697cb13c83398eab4b77
interlinear/exodus/34.js	114703	ddec78fc33c60d4978cf87435c6122dc05ca7a1a81cfc19315d951af4a3aae7e
interlinear/exodus/35.js	96801	8770701f5037508a9154e931f739eed53007b069a1d34eb9913272f85866252b
interlinear/exodus/36.js	112755	dfeedba29ac5d4dd468f88d25063be72113057fefdbc026b01c9bbece2029515
interlinear/exodus/37.js	81269	b82977edc11276d59ca7df360378b24f4f73ed44fc2500e92b09e542d1df0e60
interlinear/exodus/38.js	91769	01e27847127dbc98d31b8e83bf19fd10bbe3a74f79366356de64f04ffa308582
interlinear/exodus/39.js	122813	cde94d2bdd269e921716cf117b1d2c0a2c879b1f31a507d9e89deb6d6e5ffdb0
interlinear/exodus/40.js	95805	82453e73b9013be620e8a4342ee4609b5dceb75c5c3713af66b1dc9f44e504c1
interlinear/genesis/02.js	71885	99bb2860c7576ce6871adc0bdcf7fcfc04e803181ce4e1867d2ada1beb5d5e58
interlinear/genesis/03.js	75896	c83069fcd8fa4a014eb47133d749ea4e6a131e94569e5a8f972c636432a94081
interlinear/genesis/04.js	71371	a638a7342069252ddb88b4562bb4c2446f2992b02241a3a23da027621466de9c
interlinear/genesis/05.js	76114	6f6157a0fc690aa7c11de57ee9fdb8b81415911a44224a65f9fa1bf0c65d4620
interlinear/genesis/06.js	65792	02d252dbdbfafd3255663f60994e8db2aa49a9a1991401f92b06c07d0a6f3548
interlinear/genesis/07.js	71708	27ae26b19834129bc23b0f5cdf07ea48aa613a2d8708f42074e2d127c7423d07
interlinear/genesis/08.js	67928	f0d28ab9aa38767e6aefa3fe32a23468c7ff910c5b4753e97026a9b94a0d5352
interlinear/genesis/09.js	76259	5c389ff23b7b236d600d13393a315cfd400bb3ff721c275928b7d438d000e238
interlinear/genesis/10.js	63296	07dfaf7f70b51eef250234432f7d239d4127dd5c8f00a076314c9953e3fc47a7
interlinear/genesis/11.js	81106	f9b3ed5327e483f470af939a149b0e837284bd20aedb6f1b0bf604e6141171a7
interlinear/genesis/12.js	59231	01286c4215d5a0612f6f5e0b55e99cbbb308f57c5015c91aff44a0a02ee45fc2
interlinear/genesis/13.js	51911	6de8340ec12fb4879a13960e8832bcc17b22c4eb9d5c8a3cd2b2e7efd4713c75
interlinear/genesis/14.js	72055	e2fb3af8242aed5c9cc9f1c4650785b81e5f0ae014512905610f23f73af96897
interlinear/genesis/15.js	55668	9c7f25121a385a6a729d832e838ffc8c18c502a1d6ac3d64f3d4daf7822acfd9
interlinear/genesis/16.js	47260	59bf0d3e91bae7e4d3bc2eab43eab6963f9d421d3df853447293e023a39aae47
interlinear/genesis/17.js	78962	9e582d2e87d49522ee69125be004cbca821f73186af9c41ff7887709ee8e0176
interlinear/genesis/18.js	94522	395a993a36276a347b780b47b0d925b1dc3393ca561673571efe2fe25ff31d5b
interlinear/genesis/19.js	123592	f459b08b1a197c2306c9ca7b95039d20ef32d3317fd403a5ffc6220c59d3133d
interlinear/genesis/20.js	60241	6e8a9423fd8504d5dd0532858d0a1853ec02fc3c138086f53290162c53835c14
interlinear/genesis/21.js	92964	f53c762afcd6fe961c6133ca9b03c08a223fe79e5ab5f1d5ec92f615f0ca97b4
interlinear/genesis/22.js	79145	7b3246b86fc931345494c94193246bfff4280245819c1132ef019f967e89d237
interlinear/genesis/23.js	59303	d9e9d0ab17c6025ad784fdcf2a3331934059b76791bec3cdaaed01240161623d
interlinear/genesis/24.js	202987	98f9263f452ac36f7af2a02d0af33cbb37290ce6fb4fca013657742bb7a8dadc
interlinear/genesis/25.js	87085	66fbbcf18c00ba47b96706721f0d9b246605293805562297e5d10e8b0f9023c3
interlinear/genesis/26.js	102578	b8c06bcf7c6bf02e5f831a951b764b7b33e0d8bf91489ae9e0618eed9ca3baf1
interlinear/genesis/27.js	140901	b5cc9e7e2f0d5ea1b23db55973f68e7888b3fd616dad815943ec0ea21412ed48
interlinear/genesis/28.js	70677	67a418249bf15aa019e55067dec05dfc0b15f41accdccb0f823877058e546c9b
interlinear/genesis/29.js	100076	b7e0314f7265debeedc041f06b6b20ef31a60809bb6094b2a8e719ab1b1e48b6
interlinear/genesis/30.js	122011	9ff200ac92f08e18c2d1c32cedb94c26901dd3c77c4dbd31368fc58805cf37b1
interlinear/genesis/31.js	166186	5ff0f19d323e2d39d11573f5affe5c610b7d5ae768080a1f3c3f5320ea642a64
interlinear/genesis/32.js	99638	f7b1eb2fea4d9b73fc75c8d589512f80a1c193c7b5f749246e638805c27f04ef
interlinear/genesis/33.js	58820	9e848c243cf77694616301e6958f688d5f21a91d95f60419cc06c07b07a00c43
interlinear/genesis/34.js	92392	5ed74b605f8999b505247899678927f5d915fb10c9829dab58ece001c455a977
interlinear/genesis/35.js	81542	7727d6ec089df6b7cdc1d91d5a434338088bdc66e0b03f885c2c1e02d1f10914
interlinear/genesis/36.js	100280	25a9c0eaf8084632231dd8e1e4328975386e37e951e37026786f72c4e2e9275b
interlinear/genesis/37.js	109196	f456f7d5a23a00f9658fbfb8c126318efba46cd635a3bdf5229a057c6fe9f827
interlinear/genesis/38.js	88786	ce9fb0b42df9d94dd5c3c0b47cc5621c2dd5f522bc69f377c0bc654c10663259
interlinear/genesis/39.js	76805	5ba171ef938bed87a9623df797a2c781011cc8254e4040f3f8e32cde2562c161
interlinear/genesis/40.js	68086	31e6802047967ae655b1426da35f820ec5f49a9de2a61b1c1db4bbd6a5aa9610
interlinear/genesis/41.js	165830	7284ac7a4ba7239c9016ec0b479c22fcf1420d636d2849c7c065e23f7d9128d7
interlinear/genesis/42.js	114275	c603342c93a16ca7d4ebfa6a5ec26937e7043288fd36d882b02a6aecdbb8f654
interlinear/genesis/43.js	109635	b5f4d45c3da733d5f7de1d344c6a0fa64a93b9e61e6dea74bbe09958ed4b3864
interlinear/genesis/44.js	100266	8c8f65d1ed567a48fa30b43f137a73d88f76650b39fbb4da544b5eaf65c15fd8
interlinear/genesis/45.js	86234	5e4c4a934c41dbd464e5222dba77f387906d50d64e2d70e4a0d32c40ca1ef07d
interlinear/genesis/46.js	89709	36ebd16294b7233f02669c5b45e7ed607fd46da278a8b9bd1ead47085f4dcfb6
interlinear/genesis/47.js	112779	de5b665b2dd0283a48fd170a7342358c400d7eed691dd885ff46a482c9e89b64
interlinear/genesis/48.js	77317	a9f373c091ba513ce5e40cd1082d54561689a0b7c4b1984040ebe9e17f31136f
interlinear/genesis/49.js	79363	a4446f85428b43fa5ff325ae98e48349affc64ff48225393f36a8077a88c8ad0
interlinear/genesis/50.js	80955	6884f9ec8019ce9f0ca5af7f0f8df54bcf8bf6181afeb853e8879c17e0b8ed21
